{"cameraMode":{"drawMode":0,"name":"Shaded","section":"Shading Mode"},"sceneLighting":true,"audioPlay":false,"sceneViewState":{"showFog":true,"showMaterialUpdate":false,"showSkybox":true,"showFlares":true,"showImageEffects":true,"showParticleSystems":true,"showVisualEffectGraphs":true,"m_FxEnabled":true},"in2DMode":false,"pivot":{"x":111.85037994384766,"y":132.29615783691407,"z":40.360496520996097},"rotation":{"x":-0.18228553235530854,"y":0.0005873686168342829,"z":-0.00010867817036341876,"w":-0.9832472801208496},"size":164.3037872314453,"orthographic":false}