{"cameraMode":{"drawMode":0,"name":"Shaded","section":"Shading Mode"},"sceneLighting":true,"audioPlay":false,"sceneViewState":{"showFog":true,"showMaterialUpdate":false,"showSkybox":true,"showFlares":true,"showImageEffects":true,"showParticleSystems":true,"showVisualEffectGraphs":true,"m_FxEnabled":true},"in2DMode":false,"pivot":{"x":-2.3308568000793459,"y":-2.2432167530059816,"z":11.935066223144532},"rotation":{"x":0.20718303322792054,"y":0.03227263316512108,"z":-0.006838370580226183,"w":0.9777466654777527},"size":14.966031074523926,"orthographic":false}