{"cameraMode":{"drawMode":0,"name":"Shaded","section":"Shading Mode"},"sceneLighting":true,"audioPlay":false,"sceneViewState":{"showFog":true,"showMaterialUpdate":false,"showSkybox":true,"showFlares":true,"showImageEffects":true,"showParticleSystems":true,"showVisualEffectGraphs":true,"m_FxEnabled":true},"in2DMode":false,"pivot":{"x":6.6322736740112309,"y":1.32291579246521,"z":3.2077207565307619},"rotation":{"x":0.35491594672203066,"y":-0.12566541135311128,"z":0.048210300505161288,"w":0.9251682162284851},"size":6.751569747924805,"orthographic":false}