{"cameraMode":{"drawMode":0,"name":"Shaded","section":"Shading Mode"},"sceneLighting":true,"audioPlay":false,"sceneViewState":{"showFog":true,"showMaterialUpdate":false,"showSkybox":true,"showFlares":true,"showImageEffects":true,"showParticleSystems":true,"showVisualEffectGraphs":true,"m_FxEnabled":true},"in2DMode":false,"pivot":{"x":411.946044921875,"y":-13.62596321105957,"z":326.7665710449219},"rotation":{"x":-0.07374242693185806,"y":0.003587585175409913,"z":-0.00026532262563705444,"w":-0.9972752928733826},"size":326.1587829589844,"orthographic":false}