{"cameraMode":{"drawMode":0,"name":"Shaded","section":"Shading Mode"},"sceneLighting":false,"audioPlay":false,"sceneViewState":{"showFog":true,"showMaterialUpdate":false,"showSkybox":false,"showFlares":true,"showImageEffects":true,"showParticleSystems":true,"showVisualEffectGraphs":true,"m_FxEnabled":true},"in2DMode":false,"pivot":{"x":-2.6599888801574709,"y":2.4055490493774416,"z":-0.0000025779008865356447},"rotation":{"x":-0.21306709945201875,"y":0.2508455812931061,"z":-0.0567026361823082,"w":-0.9425837397575378},"size":1.0408061742782593,"orthographic":false}